Workbook

Sheet Product Backlog
A1: EventKu – Product Backlog v1 (Minggu 2) – Kelompok IV
A2: Prioritas memakai MoSCoW. Story Points memakai skala Fibonacci (estimasi awal, direvisi saat Sprint Planning Minggu 9). Kolom Prioritas, Story Points, Target Sprint, dan Status dapat diubah.
A4: ID | B4: Epic | C4: User Story | D4: Prioritas (MoSCoW) | E4: Story Points | F4: Target Sprint | G4: Kriteria Penerimaan | H4: Kebutuhan (SRS) | I4: PIC Utama | J4: Status
A5: US-01 | B5: Autentikasi | C5: Sebagai calon pengguna, saya ingin mendaftar akun sebagai mahasiswa atau penyelenggara agar dapat memakai fitur EventKu. | D5: Must | E5: 3 | F5: Sprint 1 | G5: Registrasi sukses dengan email unik dan kata sandi >= 8 karakter; email duplikat ditolak dengan pesan jelas. | H5: FR-AUTH-01, 02 | I5: Audrey, Bambang | J5: To Do
A6: US-02 | B6: Autentikasi | C6: Sebagai pengguna terdaftar, saya ingin login dan logout agar akun saya aman. | D6: Must | E6: 3 | F6: Sprint 1 | G6: Login valid mengembalikan token; kredensial salah ditolak; logout menghapus sesi. | H6: FR-AUTH-03 | I6: Audrey, Bambang | J6: To Do
A7: US-03 | B7: Autentikasi | C7: Sebagai sistem, saya ingin membatasi akses fitur berdasarkan peran agar data tiap peran terlindungi. | D7: Must | E7: 5 | F7: Sprint 1 | G7: Endpoint khusus peran mengembalikan 403 untuk peran lain; menu UI menyesuaikan peran. | H7: FR-AUTH-04 | I7: Audrey | J7: To Do
A8: US-04 | B8: Autentikasi | C8: Sebagai admin, saya ingin memverifikasi akun penyelenggara agar hanya organisasi sah yang dapat mengajukan event. | D8: Must | E8: 3 | F8: Sprint 1 | G8: Penyelenggara belum terverifikasi tidak dapat mengajukan event; admin dapat memverifikasi/menolak. | H8: FR-AUTH-05 | I8: Audrey | J8: To Do
A9: US-05 | B9: Autentikasi | C9: Sebagai pengguna, saya ingin mengubah profil dan kata sandi agar data saya tetap mutakhir. | D9: Should | E9: 2 | F9: Buffer / Backlog | G9: Perubahan profil tersimpan; ganti kata sandi memerlukan kata sandi lama. | H9: FR-AUTH-06 | I9: Audrey | J9: To Do
A10: US-06 | B10: Autentikasi | C10: Sebagai pengguna, saya ingin mereset kata sandi lewat email agar dapat masuk kembali bila lupa. | D10: Should | E10: 3 | F10: Buffer / Backlog | G10: Tautan reset terkirim dan kedaluwarsa dalam waktu terbatas. | H10: FR-AUTH-07 | I10: Audrey | J10: To Do
A11: US-07 | B11: Event | C11: Sebagai penyelenggara, saya ingin mengajukan event (judul, deskripsi, kategori, waktu, lokasi/tautan, poster, kuota) agar event saya dapat dipublikasikan. | D11: Must | E11: 5 | F11: Sprint 2 | G11: Event tersimpan berstatus Menunggu Moderasi; muncul di antrean admin. | H11: FR-EVT-01, 04 | I11: Audrey, Bambang | J11: To Do
A12: US-08 | B12: Event | C12: Sebagai penyelenggara, saya ingin menyimpan draft, mengedit, dan membatalkan event milik saya agar dapat mengelola event. | D12: Must | E12: 5 | F12: Sprint 2 | G12: Hanya pemilik yang dapat mengubah; status mengikuti aturan transisi. | H12: FR-EVT-03, 04, 05 | I12: Audrey, Bambang | J12: To Do
A13: US-09 | B13: Event | C13: Sebagai sistem, saya ingin memvalidasi data event dan poster agar data yang tayang berkualitas. | D13: Must | E13: 3 | F13: Sprint 1 | G13: Tanggal lampau, kuota <= 0, dan poster di luar batas tipe/ukuran ditolak. | H13: FR-EVT-02 | I13: Audrey | J13: To Do
A14: US-10 | B14: Moderasi | C14: Sebagai admin, saya ingin meninjau antrean dan menyetujui/menolak event (dengan alasan) agar hanya event layak yang tayang. | D14: Must | E14: 5 | F14: Sprint 2 | G14: Event disetujui tampil publik; penolakan wajib alasan. (Catatan: UI admin belum terjadwal di rincian mingguan.) | H14: FR-MOD-01, 02, 03 | I14: Audrey, Bambang | J14: To Do
A15: US-11 | B15: Moderasi | C15: Sebagai penyelenggara, saya ingin diberi tahu hasil moderasi agar tahu status event saya. | D15: Must | E15: 3 | F15: Sprint 3 | G15: Notifikasi in-app muncul setelah keputusan admin, memuat alasan bila ditolak. | H15: FR-MOD-04 | I15: Audrey | J15: To Do
A16: US-12 | B16: Moderasi | C16: Sebagai admin, saya ingin riwayat moderasi tercatat agar keputusan dapat ditelusuri. | D16: Should | E16: 2 | F16: Buffer / Backlog | G16: Setiap keputusan menyimpan admin, waktu, keputusan, alasan. | H16: FR-MOD-06 | I16: Audrey | J16: To Do
... A50: US-46 | B50: Non-Fungsional | C50: Sebagai pemilik sistem, saya ingin pencadangan DB berkala di production. | D50: Should | E50: 2 | F50: Buffer / Backlog | G50: Backup otomatis harian terkonfigurasi. | H50: NFR-REL-02 | I50: Alexa | J50: To Do

Sheet Ringkasan
A1: Ringkasan Product Backlog
A3: Prioritas | B3: Jumlah Story | C3: Total Story Points | D3: % dari Total Points
A4: Must | B4: =COUNTIF('Product Backlog'!$D$5:$D$50,A4) -> 29 | C4: =SUMIF('Product Backlog'!$D$5:$D$50,A4,'Product Backlog'!$E$5:$E$50) -> 107 | D4: =IF($C$7=0,0,C4/$C$7) -> 0.71333333
A5: Should | B5: =COUNTIF('Product Backlog'!$D$5:$D$50,A5) -> 13 | C5: =SUMIF('Product Backlog'!$D$5:$D$50,A5,'Product Backlog'!$E$5:$E$50) -> 30 | D5: =IF($C$7=0,0,C5/$C$7) -> 0.2
A6: Could | B6: =COUNTIF('Product Backlog'!$D$5:$D$50,A6) -> 4 | C6: =SUMIF('Product Backlog'!$D$5:$D$50,A6,'Product Backlog'!$E$5:$E$50) -> 13 | D6: =IF($C$7=0,0,C6/$C$7) -> 0.086666667
A7: Total | B7: =SUM(B4:B6) -> 46 | C7: =SUM(C4:C6) -> 150 | D7: =SUM(D4:D6) -> 1
A10: Target Sprint | B10: Jumlah Story | C10: Total Story Points | D10: Points Must | E10: Durasi (minggu) | F10: Points per Minggu
A11: Sprint 1 | B11: =COUNTIF('Product Backlog'!$F$5:$F$50,A11) -> 8 | C11: =SUMIF('Product Backlog'!$F$5:$F$50,A11,'Product Backlog'!$E$5:$E$50) -> 28 | D11: =SUMIFS('Product Backlog'!$E$5:$E$50,'Product Backlog'!$F$5:$F$50,A11,'Product Backlog'!$D$5:$D$50,"Must") -> 28 | E11: 2 | F11: =IF(E11=0,0,C11/E11) -> 14
A12: Sprint 2 | B12: =COUNTIF('Product Backlog'!$F$5:$F$50,A12) -> 13 | C12: =SUMIF('Product Backlog'!$F$5:$F$50,A12,'Product Backlog'!$E$5:$E$50) -> 51 | D12: =SUMIFS('Product Backlog'!$E$5:$E$50,'Product Backlog'!$F$5:$F$50,A12,'Product Backlog'!$D$5:$D$50,"Must") -> 51 | E12: 1 | F12: =IF(E12=0,0,C12/E12) -> 51
A13: Sprint 3 | B13: =COUNTIF('Product Backlog'!$F$5:$F$50,A13) -> 8 | C13: =SUMIF('Product Backlog'!$F$5:$F$50,A13,'Product Backlog'!$E$5:$E$50) -> 28 | D13: =SUMIFS('Product Backlog'!$E$5:$E$50,'Product Backlog'!$F$5:$F$50,A13,'Product Backlog'!$D$5:$D$50,"Must") -> 28 | E13: 1 | F13: =IF(E13=0,0,C13/E13) -> 28
A14: Buffer / Backlog | B14: =COUNTIF('Product Backlog'!$F$5:$F$50,A14) -> 17 | C14: =SUMIF('Product Backlog'!$F$5:$F$50,A14,'Product Backlog'!$E$5:$E$50) -> 43 | D14: =SUMIFS('Product Backlog'!$E$5:$E$50,'Product Backlog'!$F$5:$F$50,A14,'Product Backlog'!$D$5:$D$50,"Must") -> 0 | E14: - | F14: -
A15: Total | B15: =SUM(B11:B14) -> 46 | C15: =SUM(C11:C14) -> 150 | D15: =SUM(D11:D14) -> 107
A18: Epic | B18: Jumlah Story | C18: Total Story Points
A19: Autentikasi | B19: =COUNTIF('Product Backlog'!$B$5:$B$50,A19) -> 6 | C19: =SUMIF('Product Backlog'!$B$5:$B$50,A19,'Product Backlog'!$E$5:$E$50) -> 19
A20: Event | B20: =COUNTIF('Product Backlog'!$B$5:$B$50,A20) -> 5 | C20: =SUMIF('Product Backlog'!$B$5:$B$50,A20,'Product Backlog'!$E$5:$E$50) -> 18
A21: Moderasi | B21: =COUNTIF('Product Backlog'!$B$5:$B$50,A21) -> 4 | C21: =SUMIF('Product Backlog'!$B$5:$B$50,A21,'Product Backlog'!$E$5:$E$50) -> 12
A22: Pencarian | B22: =COUNTIF('Product Backlog'!$B$5:$B$50,A22) -> 4 | C22: =SUMIF('Product Backlog'!$B$5:$B$50,A22,'Product Backlog'!$E$5:$E$50) -> 14
A23: Pendaftaran | B23: =COUNTIF('Product Backlog'!$B$5:$B$50,A23) -> 5 | C23: =SUMIF('Product Backlog'!$B$5:$B$50,A23,'Product Backlog'!$E$5:$E$50) -> 17
A24: Kalender | B24: =COUNTIF('Product Backlog'!$B$5:$B$50,A24) -> 3 | C24: =SUMIF('Product Backlog'!$B$5:$B$50,A24,'Product Backlog'!$E$5:$E$50) -> 9
A25: Notifikasi | B25: =COUNTIF('Product Backlog'!$B$5:$B$50,A25) -> 5 | C25: =SUMIF('Product Backlog'!$B$5:$B$50,A25,'Product Backlog'!$E$5:$E$50) -> 17
A26: Dashboard | B26: =COUNTIF('Product Backlog'!$B$5:$B$50,A26) -> 4 | C26: =SUMIF('Product Backlog'!$B$5:$B$50,A26,'Product Backlog'!$E$5:$E$50) -> 12
A27: Administrasi | B27: =COUNTIF('Product Backlog'!$B$5:$B$50,A27) -> 4 | C27: =SUMIF('Product Backlog'!$B$5:$B$50,A27,'Product Backlog'!$E$5:$E$50) -> 11
A28: Opsional | B28: =COUNTIF('Product Backlog'!$B$5:$B$50,A28) -> 2 | C28: =SUMIF('Product Backlog'!$B$5:$B$50,A28,'Product Backlog'!$E$5:$E$50) -> 8
A29: Non-Fungsional | B29: =COUNTIF('Product Backlog'!$B$5:$B$50,A29) -> 4 | C29: =SUMIF('Product Backlog'!$B$5:$B$50,A29,'Product Backlog'!$E$5:$E$50) -> 13
A30: Total | B30: =SUM(B19:B29) -> 46 | C30: =SUM(C19:C29) -> 150
A32: Catatan: Sprint 1 = Minggu 10–11, Sprint 2 = Minggu 12, Sprint 3 = Minggu 13 (sesuai rencana proyek). Angka Story Points adalah estimasi awal; kolom Points per Minggu membantu melihat ketimpangan beban antar-sprint.
